{"noiseKey":{"private":{"type":"Buffer","data":"CNS7Y39/0KQf/R8u6XJpeT91hxkAMA8INJqNrL0vw2I="},"public":{"type":"Buffer","data":"ZExaeV7xPmomFcyNDQtwRa0j0kYub13pugblslUPnQU="}},"pairingEphemeralKeyPair":{"private":{"type":"Buffer","data":"MP8vCwXTbpICCYUFubdxQCe1UbKK7snIIj7zkSEJzV0="},"public":{"type":"Buffer","data":"oLCetuVYmZvlOA9LskAoumGVkviLFKtwLjY1hsLjVg0="}},"signedIdentityKey":{"private":{"type":"Buffer","data":"YJKymy5d3urcwPKfswBEIXQgnxVbjRA7WR5SGn/dVl8="},"public":{"type":"Buffer","data":"xxUytIXZOymicoP6SlJrtqiY9E3EZVZuvwgB4a8hp2s="}},"signedPreKey":{"keyPair":{"private":{"type":"Buffer","data":"cJw5sDV0Z4LzgThaCeOw2xRMlFUwYBMLhs9MIipCb0E="},"public":{"type":"Buffer","data":"DTFkTg90m8JzXaa1trxXJzJGvXZiIwEb+dOHwPG3qxo="}},"signature":{"type":"Buffer","data":"cBVXD6bg3c8NF0PKA0QBhXKrL/MTXQKj8FKZspP+kFojh3LttXdoQpMGUSdQGU95zRt+PSQILn0tFsFsKtJiCg=="},"keyId":1},"registrationId":226,"advSecretKey":"C0SF+P5wyddMa6i02VqeY+hhJH/7go+GHYopcGJkNck=","processedHistoryMessages":[],"nextPreKeyId":32,"firstUnuploadedPreKeyId":32,"accountSyncCounter":0,"accountSettings":{"unarchiveChats":false},"registered":false,"account":{"details":"CO3D8qsHEJ/zxMwGGBEgACgA","accountSignatureKey":"9AE47Z33DFqTfbP606gYHpCN9/0cdkb0p2UMb34w3B0=","accountSignature":"bhhNzC0XXV6sdNsxGPZWlykOxA0TQvbCzlnzo6lmlcEmJ1Pc0WzzUEhYIw/AFkc8V1+9THcrVAw3XI7uw525BQ==","deviceSignature":"EineXK55VuRZLvEnHJSlLbRByf7Kn6uCWStSwWscnfE/xA/hLDiMizkTawC4UhFYwTtezdc/MFK/mf9Wyc2qAA=="},"me":{"id":"6289509542780:54@s.whatsapp.net","lid":"260227974823977:54@lid"},"signalIdentities":[{"identifier":{"name":"6289509542780:54@s.whatsapp.net","deviceId":0},"identifierKey":{"type":"Buffer","data":"BfQBOO2d9wxak32z+tOoGB6Qjff9HHZG9KdlDG9+MNwd"}}],"platform":"android","routingInfo":{"type":"Buffer","data":"CBIIDQgF"},"lastAccountSyncTimestamp":1771125863,"lastPropHash":"1K4hH4","myAppStateKeyId":"AAAAAFtL"}