{"_sessions":{"BTCstAocpxLQ7mJu0geU/0m+ENEcOTp9wSrEq7hrWyVz":{"registrationId":11068,"currentRatchet":{"ephemeralKeyPair":{"pubKey":"BZnlAzQUSvehhmF3OYr79Pbsbrn1sFQZR5Re1zG6mz95","privKey":"mFeljtOxUURG/mMZRT3Qvgs87AxZSCZ5ThHnyWwsF28="},"lastRemoteEphemeralKey":"BXvuT2+XC9j0btJFtJxebVAGdeWFAbbKgMANSBhXYpt7","previousCounter":0,"rootKey":"2y2D0CPnBDcLWgNc7ROlPGaSbSX2U+BVUSH7em4jNt0="},"indexInfo":{"baseKey":"BTCstAocpxLQ7mJu0geU/0m+ENEcOTp9wSrEq7hrWyVz","baseKeyType":1,"closed":-1,"used":1771125413382,"created":1771125413382,"remoteIdentityKey":"BSHcszYNbnFjwu50dcEJCwcStUfhSsWmWCsKc9NM13wg"},"_chains":{"BZnlAzQUSvehhmF3OYr79Pbsbrn1sFQZR5Re1zG6mz95":{"chainKey":{"counter":0,"key":"Rq0MKQXCOrVaLtmE62PNJp94pbY+WnIMpzoIQyluof8="},"chainType":1,"messageKeys":{}}},"pendingPreKey":{"signedKeyId":1,"baseKey":"BTCstAocpxLQ7mJu0geU/0m+ENEcOTp9wSrEq7hrWyVz","preKeyId":140}}},"version":"v1"}