{"_sessions":{"BeSy1THbeg8bTUWCtA9UPz2d/TwqXjtxEAeKStukUz9D":{"registrationId":1910351255,"currentRatchet":{"ephemeralKeyPair":{"pubKey":"Be4j4K5LPXHtuwsYdWSOlmbyJGFf45frzHSIYvBRLQFQ","privKey":"uDfccaehsopFdktMBhZ090gL05rDqdrl0qUPa/WDalo="},"lastRemoteEphemeralKey":"BX2+7+rHe4GmpuUdqQ1dqT7daro+cihBQjKSqU0ZOZpH","previousCounter":0,"rootKey":"jY1ZP0aj3Ql885mniUh/ictUsZ+PL8Bu7RrKO4pxj1Y="},"indexInfo":{"baseKey":"BeSy1THbeg8bTUWCtA9UPz2d/TwqXjtxEAeKStukUz9D","baseKeyType":1,"closed":-1,"used":1771125413387,"created":1771125413387,"remoteIdentityKey":"BbcgOzzPBfKRnNY1QuYpEzWAHiusqRH1rPYjG/palN9/"},"_chains":{"Be4j4K5LPXHtuwsYdWSOlmbyJGFf45frzHSIYvBRLQFQ":{"chainKey":{"counter":0,"key":"x++FefGYi0QAc/LG607H1SrJs5mqX41VYHo2h7pqoJE="},"chainType":1,"messageKeys":{}}},"pendingPreKey":{"signedKeyId":15586479,"baseKey":"BeSy1THbeg8bTUWCtA9UPz2d/TwqXjtxEAeKStukUz9D","preKeyId":9457689}}},"version":"v1"}