{"_sessions":{"BeXmwW+J/Iq64rWub/UhMQ1vvVzpTl2gU8TQ6n9TgXZp":{"registrationId":660450143,"currentRatchet":{"ephemeralKeyPair":{"pubKey":"BRIS3L8n7CceHw1dZHcGkn5KsNr35uO5NFGnrRlBKh9L","privKey":"uNxGEz+nlvC5vsDYmTUvz1ihzZH2Hlu/I539Uq4riF8="},"lastRemoteEphemeralKey":"BbkGvrfc5+USqfc3PvkFNDWKO+1OOm0XwMY4gUVHCaER","previousCounter":0,"rootKey":"wAuJK5Zf1ujy7+yEdUGic9pLzYrOYtkqDPvnDbohE7s="},"indexInfo":{"baseKey":"BeXmwW+J/Iq64rWub/UhMQ1vvVzpTl2gU8TQ6n9TgXZp","baseKeyType":2,"closed":-1,"used":1771125411681,"created":1771125197637,"remoteIdentityKey":"BfQBOO2d9wxak32z+tOoGB6Qjff9HHZG9KdlDG9+MNwd"},"_chains":{"BcLHwre+coDPXihVPaU3Y0w4QGVgjnqHGHHDqvs96jse":{"chainKey":{"counter":1},"chainType":2,"messageKeys":{"1":"/vzHh1sbiNWhUirGVNqQuBTmkyW+qtyU1Y6fXl2QA7Q="}},"BbkGvrfc5+USqfc3PvkFNDWKO+1OOm0XwMY4gUVHCaER":{"chainKey":{"counter":0,"key":"fRZJ7rAUlt6uh5XEfI5BwXcTH2KM6OLPSuTAhYXZVfY="},"chainType":2,"messageKeys":{}},"BRIS3L8n7CceHw1dZHcGkn5KsNr35uO5NFGnrRlBKh9L":{"chainKey":{"counter":0,"key":"+CJUNfc62Rr0U308CL/TYE5pDB0hDBwWdC/NGatys/A="},"chainType":1,"messageKeys":{}}}}},"version":"v1"}