{"_sessions":{"BWV65ZArL5lUBII4aP9ktnP2PDxFHUoqlCaig/Twh6kS":{"registrationId":1582291791,"currentRatchet":{"ephemeralKeyPair":{"pubKey":"BcOLdEsTn2BIE6srRvldPfL1QkbS6hBaLGc/IIlD7/Bt","privKey":"oNNTsNf6hCW6YQT5/C/d11j42XfU7Lxvaj+I5daYkHE="},"lastRemoteEphemeralKey":"BVUKQdPp6AeqVaMCpslYxroGcL5aPTqBUe+j21xgHA9r","previousCounter":0,"rootKey":"ThoQAW1D/qwDEk7yFv8wg7leWceJhTirjF8eRDOS5NM="},"indexInfo":{"baseKey":"BWV65ZArL5lUBII4aP9ktnP2PDxFHUoqlCaig/Twh6kS","baseKeyType":1,"closed":-1,"used":1771125413390,"created":1771125413390,"remoteIdentityKey":"BVLclSSojfO1fpqHmggTEnKaPeD+keHQJCAovDiwvtUx"},"_chains":{"BcOLdEsTn2BIE6srRvldPfL1QkbS6hBaLGc/IIlD7/Bt":{"chainKey":{"counter":0,"key":"GGQLpIC8EOWU/z+v3TA5qm9nEj+W5UhsNDXOAI3Ypus="},"chainType":1,"messageKeys":{}}},"pendingPreKey":{"signedKeyId":9294806,"baseKey":"BWV65ZArL5lUBII4aP9ktnP2PDxFHUoqlCaig/Twh6kS","preKeyId":1795}}},"version":"v1"}