{"_sessions":{"BRlfCoufSpN2zg2EwSW+kjEOjUQh01BMPnqwyNnFTk4Q":{"registrationId":6595,"currentRatchet":{"ephemeralKeyPair":{"pubKey":"BeC/vPBdg0/b0LuCAS9cRY2++SKrFAqxNeEANeDSjT4s","privKey":"ULx5voQSpXgq/BTvzsL6HJH+Qpe1dRdI++0uR2PdUlA="},"lastRemoteEphemeralKey":"BWSgaqU4w5B4c6tOiZsH3nXiMefvm/9x9ePjdsnEJawp","previousCounter":0,"rootKey":"rnRSkB9AzQsyn1Iep+X9RyY5hQ4zcgp5dfmdYp3uTnI="},"indexInfo":{"baseKey":"BRlfCoufSpN2zg2EwSW+kjEOjUQh01BMPnqwyNnFTk4Q","baseKeyType":1,"closed":-1,"used":1771125401782,"created":1771125401782,"remoteIdentityKey":"BaAoD9IWe6u39I9ouu8fV9GPTaayuxhmrxYufo6SEiBH"},"_chains":{"BeC/vPBdg0/b0LuCAS9cRY2++SKrFAqxNeEANeDSjT4s":{"chainKey":{"counter":1,"key":"AMk83Cvtj9RQWpRO2ItvSlYstj0ZCWTR/kSyPmescl4="},"chainType":1,"messageKeys":{}}},"pendingPreKey":{"signedKeyId":1,"baseKey":"BRlfCoufSpN2zg2EwSW+kjEOjUQh01BMPnqwyNnFTk4Q","preKeyId":432}}},"version":"v1"}