{"_sessions":{"BfEX4e+eiQl9m9KqA9S5uZyRjeUjmmh+vfhgpsZQ8X9L":{"registrationId":269930585,"currentRatchet":{"ephemeralKeyPair":{"pubKey":"BV/NO3OdYqiXbHeBm/25L/QugVEeXAxyIQrhQlZ4iNtM","privKey":"ODEXo1MMSvM/ds/vfxRbzJ00B9sGPySZX08A6doHZlg="},"lastRemoteEphemeralKey":"BYrN8P1kBtlf1wGnOZmYoDgENpZNw0dx0FzWnzCssH1T","previousCounter":0,"rootKey":"di1B+3vMcDS222Ri1wAO1gUNITU6xZr4dEI8RpQXiQw="},"indexInfo":{"baseKey":"BfEX4e+eiQl9m9KqA9S5uZyRjeUjmmh+vfhgpsZQ8X9L","baseKeyType":1,"closed":-1,"used":1771125430063,"created":1771125413393,"remoteIdentityKey":"BWufKWPDHcSembm1V2AaZbXWPsy11WTfZX9neT5gFfxU"},"_chains":{"BYrN8P1kBtlf1wGnOZmYoDgENpZNw0dx0FzWnzCssH1T":{"chainKey":{"counter":0,"key":"D3XuSWG2Bssw8Yy5ZoEY+ZS7sxu7Ow0JFGtuGEQxOrE="},"chainType":2,"messageKeys":{}},"BV/NO3OdYqiXbHeBm/25L/QugVEeXAxyIQrhQlZ4iNtM":{"chainKey":{"counter":-1,"key":"1td6YdK4L+n18WvShfE0heRMRN+YOkTJlxvOIOLDf7g="},"chainType":1,"messageKeys":{}}}}},"version":"v1"}