{"_sessions":{"BbbxaUi1MofBeyBrcn7RGLkElk8RnYmfRfej5IfXII0h":{"registrationId":11129,"currentRatchet":{"ephemeralKeyPair":{"pubKey":"BR2DlY1khkA0SDI41dCrwaL06TLN++fBVVY67Vkq6UlV","privKey":"GEK4LuxvJ/OV+A7hydX7OpIxUwxTYOEvvbJsKEQGNGo="},"lastRemoteEphemeralKey":"Be06pB1QuhmQy4P0LPvp0nGL+StcxJI656Sl/GdVNIdB","previousCounter":0,"rootKey":"jPqUvqXkgYcjaeIboVrTIii2ovXJcNBo6ydc8aOmIW8="},"indexInfo":{"baseKey":"BbbxaUi1MofBeyBrcn7RGLkElk8RnYmfRfej5IfXII0h","baseKeyType":1,"closed":-1,"used":1771125413379,"created":1771125413379,"remoteIdentityKey":"BQkAyMq88oUVpYKhiT/+9olRg/DNmnTwJuaZxSLj/LYg"},"_chains":{"BR2DlY1khkA0SDI41dCrwaL06TLN++fBVVY67Vkq6UlV":{"chainKey":{"counter":0,"key":"lKMJp68iQJy2X06M6med9+7tMaDttib0qu0u6W5tMLg="},"chainType":1,"messageKeys":{}}},"pendingPreKey":{"signedKeyId":1,"baseKey":"BbbxaUi1MofBeyBrcn7RGLkElk8RnYmfRfej5IfXII0h","preKeyId":1491}}},"version":"v1"}