{"_sessions":{"Bd+6CHK28xkk3TfBY2cze7rQTLvaW2bje7vwk6x47Dpj":{"registrationId":660450143,"currentRatchet":{"ephemeralKeyPair":{"pubKey":"BddQuPIMmI/HKK6+sHKQBJor/mJymKsdtyf/S8OTKyNg","privKey":"gJKS4s/zrETfMnxEzqiD5wx2Q2qggS/L5yi0X7CcLUs="},"lastRemoteEphemeralKey":"BdpJDSCEbJy/Gqr8JFuwftUkoQmnkpaJT6rVw2wozAMI","previousCounter":0,"rootKey":"9eTF1KLwG3KbJPhFmTbynwRRkoefAREWfGYDU2dUzDk="},"indexInfo":{"baseKey":"Bd+6CHK28xkk3TfBY2cze7rQTLvaW2bje7vwk6x47Dpj","baseKeyType":2,"closed":-1,"used":1771125356061,"created":1771125160750,"remoteIdentityKey":"BfQBOO2d9wxak32z+tOoGB6Qjff9HHZG9KdlDG9+MNwd"},"_chains":{"BfVmymZaxf9pPLiRzQalV2A5DhvWTSGOy5R40skavVpS":{"chainKey":{"counter":8},"chainType":2,"messageKeys":{"7":"OE2ZDQB0MQs/AmvZko2RTlF/OVO/OGqn9GABEGajn3Y="}},"BWX4qMiPMLJQVJHkAAP//L8OMcMUX80wJsERUmdvPPYQ":{"chainKey":{"counter":1},"chainType":2,"messageKeys":{"1":"0XDSg9ySg1Sb0MC/XxI50PMdRSihG9QDdF7m2yG5f90="}},"BdpJDSCEbJy/Gqr8JFuwftUkoQmnkpaJT6rVw2wozAMI":{"chainKey":{"counter":16,"key":"6v5KCgpaifSnCvmPeoLrO8HakNzRW3x7Toc2yshnFUU="},"chainType":2,"messageKeys":{}},"BddQuPIMmI/HKK6+sHKQBJor/mJymKsdtyf/S8OTKyNg":{"chainKey":{"counter":-1,"key":"7+tP4+JwLFH3m4OnOZ8dvoPFycR9YVNqa0+jCWKr6JM="},"chainType":1,"messageKeys":{}}}}},"version":"v1"}