{"_sessions":{"BbWShxE226PolvxlC5Ca3DRitS2DPg5JwnYom1wtNgID":{"registrationId":190,"currentRatchet":{"ephemeralKeyPair":{"pubKey":"BeKPSURMZkI86uZoTQ+eDr99R0/zHU/Pr053ByY08zlE","privKey":"YM+dQV8PhUfNbLrPsoh9UdOsbL9jiOBuP3W3h6ALylU="},"lastRemoteEphemeralKey":"BVUS5uv0cfoU0EOjLPsFDP/5xKrJFRdHWKgwuvjx09Ri","previousCounter":0,"rootKey":"ONs5UoyyutbJo9LEFOVQae5g3Uc1oKKyud52xrhg//c="},"indexInfo":{"baseKey":"BbWShxE226PolvxlC5Ca3DRitS2DPg5JwnYom1wtNgID","baseKeyType":1,"closed":-1,"used":1771125413375,"created":1771125413375,"remoteIdentityKey":"BZKwa2U6SaJvva/hUvMl5Jam3be5rM6QDTveWfQ/HPco"},"_chains":{"BeKPSURMZkI86uZoTQ+eDr99R0/zHU/Pr053ByY08zlE":{"chainKey":{"counter":0,"key":"pHR9nE1C0DxxQdgIHqBtqmHpp6fexmwDuB1lcrHBymY="},"chainType":1,"messageKeys":{}}},"pendingPreKey":{"signedKeyId":1,"baseKey":"BbWShxE226PolvxlC5Ca3DRitS2DPg5JwnYom1wtNgID"}}},"version":"v1"}