{"_sessions":{"BUFcgAalojhVSz/7+xxoUfb3qW1zczNQ/WZcPWgXpecX":{"registrationId":143,"currentRatchet":{"ephemeralKeyPair":{"pubKey":"BfOU5or2K2oUA8rnQHQBW1W/uyTc1KtUIXVtKQc/euob","privKey":"sJ496W6OtinJymSXzSSP86Jq3LaLA36lzJ7Je5e2WVc="},"lastRemoteEphemeralKey":"BUPORyCAV9rtuWxTBDrMwgflZl2qEiVBnmQnM7RdZRtk","previousCounter":0,"rootKey":"aUFYvfEfbXxCG1nZeiTYsZKC1VWiC4AhGJkcHn91Jq4="},"indexInfo":{"baseKey":"BUFcgAalojhVSz/7+xxoUfb3qW1zczNQ/WZcPWgXpecX","baseKeyType":2,"closed":-1,"used":1771125396672,"created":1771125396672,"remoteIdentityKey":"BUDm3BUn9tKL5ivgr+mbklcmYSbg583lzcTpMJOvMqMG"},"_chains":{"BUPORyCAV9rtuWxTBDrMwgflZl2qEiVBnmQnM7RdZRtk":{"chainKey":{"counter":0,"key":"dD31x3A5DNHq13k891KJCbqXay9wd8ZmtSSY5yPKv84="},"chainType":2,"messageKeys":{}},"BfOU5or2K2oUA8rnQHQBW1W/uyTc1KtUIXVtKQc/euob":{"chainKey":{"counter":0,"key":"6jKqhjKnK8LdQtJKu1CLvTCNl3XvXb37UTP6eC8GyqY="},"chainType":1,"messageKeys":{}}}}},"version":"v1"}