{"_sessions":{"BWM4ttjZ98JDqJmu02QNJmtWSJAgiVdD5e0bBAlb7lA5":{"registrationId":2141985074,"currentRatchet":{"ephemeralKeyPair":{"pubKey":"BTXPFcJod5VUDEERWyQHHTYnLAsLdXhcYWrb8bu2hu1Q","privKey":"eHzKwIGWuHEjFHJhIcce/rtcUReMLG5tk36OwsOeekk="},"lastRemoteEphemeralKey":"BQ6c7ZziMcn3Pv54HzhMdlAm7MSDfw2YmbG83Dq9Y5tO","previousCounter":0,"rootKey":"3f0R1LB1hxknUEiYxHiqiPr2BSgmn0Jd+N7tDWlNqZs="},"indexInfo":{"baseKey":"BWM4ttjZ98JDqJmu02QNJmtWSJAgiVdD5e0bBAlb7lA5","baseKeyType":2,"closed":-1,"used":1771125460855,"created":1771125390224,"remoteIdentityKey":"BVXEe3QYuX4L9we4DF65hvRK86bsCPkmkXk/aAuX8yQx"},"_chains":{"BQVdBxqRrXjHwghzKOzOoFrS6qwQORlTPbvxf0JtImkd":{"chainKey":{"counter":0},"chainType":2,"messageKeys":{}},"BQ6c7ZziMcn3Pv54HzhMdlAm7MSDfw2YmbG83Dq9Y5tO":{"chainKey":{"counter":0,"key":"OtbyIPGVYUy1Jtb2x4TnTWZHE7GAayGyO/C+1JnQvGY="},"chainType":2,"messageKeys":{}},"BTXPFcJod5VUDEERWyQHHTYnLAsLdXhcYWrb8bu2hu1Q":{"chainKey":{"counter":-1,"key":"daBCPX2yCj4QdphYvdP9eM8OJH406wL6RlYG8QPIvYc="},"chainType":1,"messageKeys":{}}}}},"version":"v1"}