{"_sessions":{"BWwiNX71XrI+hCKYjcS+Dmam1fFNkFJ0psCA6EyiNZ1x":{"registrationId":226,"currentRatchet":{"ephemeralKeyPair":{"pubKey":"BeiKWQHCjd1PBTkJeq12851Csa0vEdOYfCNg6F41+sU7","privKey":"+AD5+uXZ6NXz0S1D6wKmQDvm4MI5AZNnZA32LoMNpUg="},"lastRemoteEphemeralKey":"BQ0xZE4PdJvCc12mtba8VycyRr12YiMBG/nTh8Dxt6sa","previousCounter":0,"rootKey":"iAv2AkJV1DMw0sOdUN/F5K8xgcF0xsQxfigX8FbfAWc="},"indexInfo":{"baseKey":"BWwiNX71XrI+hCKYjcS+Dmam1fFNkFJ0psCA6EyiNZ1x","baseKeyType":1,"closed":-1,"used":1771125401778,"created":1771125401778,"remoteIdentityKey":"BccVMrSF2TsponKD+kpSa7aomPRNxGVWbr8IAeGvIadr"},"_chains":{"BeiKWQHCjd1PBTkJeq12851Csa0vEdOYfCNg6F41+sU7":{"chainKey":{"counter":1,"key":"T5qqXXCkAq92Uox0ybhD/hxxIolsnWCbmwmIUHc1QYU="},"chainType":1,"messageKeys":{}}},"pendingPreKey":{"signedKeyId":1,"baseKey":"BWwiNX71XrI+hCKYjcS+Dmam1fFNkFJ0psCA6EyiNZ1x","preKeyId":30}}},"version":"v1"}