{"_sessions":{"BfqwuUOjY+KKyXxAg4ZrepS+8TBR7s9HS4eOEGImD7Jb":{"registrationId":5880,"currentRatchet":{"ephemeralKeyPair":{"pubKey":"BZWjvDo+aTGvTO1K7ebmtQJybmeFvdX1EBr2laMg+QYp","privKey":"8E4Ycht8tpz7yUTmQC1AzANlfLO/BDZ1RmXigYJvOXo="},"lastRemoteEphemeralKey":"Ba8TshcR8bL7N9NKbk1Gv8oFOV4PS8FatGOQ1I5AfddR","previousCounter":0,"rootKey":"W2hrGyoS5P2paW/Hlb8PYSdpF6bQJN2VJfAz0A0c+0k="},"indexInfo":{"baseKey":"BfqwuUOjY+KKyXxAg4ZrepS+8TBR7s9HS4eOEGImD7Jb","baseKeyType":1,"closed":-1,"used":1771125401785,"created":1771125401785,"remoteIdentityKey":"BcDRfNgoBJcgGBNysrVNHY/l/DxwpyHyoEZDJ7rwCq9l"},"_chains":{"BZWjvDo+aTGvTO1K7ebmtQJybmeFvdX1EBr2laMg+QYp":{"chainKey":{"counter":1,"key":"G1+F27yuS4//LqzBvIWxnnopRbcXkRmw0Az5CV1JFSo="},"chainType":1,"messageKeys":{}}},"pendingPreKey":{"signedKeyId":2,"baseKey":"BfqwuUOjY+KKyXxAg4ZrepS+8TBR7s9HS4eOEGImD7Jb","preKeyId":3776}}},"version":"v1"}